{
    "api-key": {
        "name": "api-key",
        "type": "api-key",
        "disabled": true
    },
    "local-userpass": {
        "name": "local-userpass",
        "type": "local-userpass",
        "disabled": false,
        "config": {
            "confirmEmailSubject": "Confirm your E-mail address",
            "emailConfirmationUrl": "https://www.revolutination.com/confirmEmail",
            "resetPasswordSubject": "Here's a link to reset your pasword",
            "resetPasswordUrl": "https://revolutination.com/resetPasword"
        }
    }
}
