{
    "name": "DataBase",
    "type": "DATABASE",
    "disabled": false,
    "config": {
        "collection": "",
        "database": "QuantumVault_DB",
        "full_document": true,
        "full_document_before_change": false,
        "match": {},
        "maximum_throughput": false,
        "operation_types": [
            "CREATE_COLLECTION",
            "MODIFY_COLLECTION",
            "RENAME_COLLECTION",
            "SHARD_COLLECTION",
            "DROP_COLLECTION",
            "CREATE_INDEXES",
            "DROP_INDEXES"
        ],
        "project": {},
        "service_name": "mongodb-atlas",
        "skip_catchup_events": false,
        "tolerate_resume_errors": false,
        "unordered": false
    },
    "event_processors": {
        "FUNCTION": {
            "config": {
                "function_name": "Transaction_Monitor"
            }
        }
    }
}
